﻿<?xml version="1.0" encoding="utf-8"?>
<ProjectElements>
  <AcfElementGuid Guid="38eaf80b-9743-494c-873b-caf5e220448d">
    <File>Prog3.AcfMlge</File>
  </AcfElementGuid>
  <AcfElementGuid Guid="69bda28d-fe85-4b10-9d25-210b753cfdfa">
    <File>Prog1.AcfMlge</File>
  </AcfElementGuid>
  <AcfElementGuid Guid="7800e4a2-11a6-4127-81a9-c9f223a09aa6">
    <File>Prog4.AcfMlge</File>
  </AcfElementGuid>
  <AcfElementGuid Guid="b321b872-4c79-4188-92c9-c49bcce60cbe">
    <File>Prog2.AcfMlge</File>
  </AcfElementGuid>
</ProjectElements>